<?xml version="1.0"?>
<doc>
    <assembly>
        <name>ModelLotkaVolterra</name>
    </assembly>
    <members>
        <member name="T:ModelLotkaVolterra.LotkaVolterra">
            <summary>
            The LotkaVolterra class provides a CLS compliant, MWArray interface to the
            M-functions contained in the files:
            <newpara></newpara>
            D:\Aspiranture\Dis_project\simulations\MathLabFuncs\MLV.m
            <newpara></newpara>
            deployprint.m
            <newpara></newpara>
            printdlg.m
            </summary>
            <remarks>
            @Version 0.0
            </remarks>
        </member>
        <member name="M:ModelLotkaVolterra.LotkaVolterra.#cctor">
            <summary internal= "true">
            The static constructor instantiates and initializes the MATLAB Compiler Runtime
            instance.
            </summary>
        </member>
        <member name="M:ModelLotkaVolterra.LotkaVolterra.#ctor">
            <summary>
            Constructs a new instance of the LotkaVolterra class.
            </summary>
        </member>
        <member name="M:ModelLotkaVolterra.LotkaVolterra.Finalize">
            <summary internal= "true">
            Class destructor called by the CLR garbage collector.
            </summary>
        </member>
        <member name="M:ModelLotkaVolterra.LotkaVolterra.Dispose">
            <summary>
            Frees the native resources associated with this object
            </summary>
        </member>
        <member name="M:ModelLotkaVolterra.LotkaVolterra.Dispose(System.Boolean)">
            <summary internal= "true">
            Internal dispose function
            </summary>
        </member>
        <member name="M:ModelLotkaVolterra.LotkaVolterra.MLV">
             <summary>
             Provides a single output, 0-input MWArrayinterface to the MLV M-function.
             </summary>
             <remarks>
             </remarks>
             <returns>An MWArray containing the first output argument.</returns>
            
        </member>
        <member name="M:ModelLotkaVolterra.LotkaVolterra.MLV(MathWorks.MATLAB.NET.Arrays.MWArray)">
             <summary>
             Provides a single output, 1-input MWArrayinterface to the MLV M-function.
             </summary>
             <remarks>
             </remarks>
             <param name="t">Input argument #1</param>
             <returns>An MWArray containing the first output argument.</returns>
            
        </member>
        <member name="M:ModelLotkaVolterra.LotkaVolterra.MLV(MathWorks.MATLAB.NET.Arrays.MWArray,MathWorks.MATLAB.NET.Arrays.MWArray)">
             <summary>
             Provides a single output, 2-input MWArrayinterface to the MLV M-function.
             </summary>
             <remarks>
             </remarks>
             <param name="t">Input argument #1</param>
             <param name="x">Input argument #2</param>
             <returns>An MWArray containing the first output argument.</returns>
            
        </member>
        <member name="M:ModelLotkaVolterra.LotkaVolterra.MLV(MathWorks.MATLAB.NET.Arrays.MWArray,MathWorks.MATLAB.NET.Arrays.MWArray,MathWorks.MATLAB.NET.Arrays.MWArray)">
             <summary>
             Provides a single output, 3-input MWArrayinterface to the MLV M-function.
             </summary>
             <remarks>
             </remarks>
             <param name="t">Input argument #1</param>
             <param name="x">Input argument #2</param>
             <param name="a">Input argument #3</param>
             <returns>An MWArray containing the first output argument.</returns>
            
        </member>
        <member name="M:ModelLotkaVolterra.LotkaVolterra.MLV(MathWorks.MATLAB.NET.Arrays.MWArray,MathWorks.MATLAB.NET.Arrays.MWArray,MathWorks.MATLAB.NET.Arrays.MWArray,MathWorks.MATLAB.NET.Arrays.MWArray)">
             <summary>
             Provides a single output, 4-input MWArrayinterface to the MLV M-function.
             </summary>
             <remarks>
             </remarks>
             <param name="t">Input argument #1</param>
             <param name="x">Input argument #2</param>
             <param name="a">Input argument #3</param>
             <param name="b">Input argument #4</param>
             <returns>An MWArray containing the first output argument.</returns>
            
        </member>
        <member name="M:ModelLotkaVolterra.LotkaVolterra.MLV(MathWorks.MATLAB.NET.Arrays.MWArray,MathWorks.MATLAB.NET.Arrays.MWArray,MathWorks.MATLAB.NET.Arrays.MWArray,MathWorks.MATLAB.NET.Arrays.MWArray,MathWorks.MATLAB.NET.Arrays.MWArray)">
             <summary>
             Provides a single output, 5-input MWArrayinterface to the MLV M-function.
             </summary>
             <remarks>
             </remarks>
             <param name="t">Input argument #1</param>
             <param name="x">Input argument #2</param>
             <param name="a">Input argument #3</param>
             <param name="b">Input argument #4</param>
             <param name="c">Input argument #5</param>
             <returns>An MWArray containing the first output argument.</returns>
            
        </member>
        <member name="M:ModelLotkaVolterra.LotkaVolterra.MLV(MathWorks.MATLAB.NET.Arrays.MWArray,MathWorks.MATLAB.NET.Arrays.MWArray,MathWorks.MATLAB.NET.Arrays.MWArray,MathWorks.MATLAB.NET.Arrays.MWArray,MathWorks.MATLAB.NET.Arrays.MWArray,MathWorks.MATLAB.NET.Arrays.MWArray)">
             <summary>
             Provides a single output, 6-input MWArrayinterface to the MLV M-function.
             </summary>
             <remarks>
             </remarks>
             <param name="t">Input argument #1</param>
             <param name="x">Input argument #2</param>
             <param name="a">Input argument #3</param>
             <param name="b">Input argument #4</param>
             <param name="c">Input argument #5</param>
             <param name="d">Input argument #6</param>
             <returns>An MWArray containing the first output argument.</returns>
            
        </member>
        <member name="M:ModelLotkaVolterra.LotkaVolterra.MLV(System.Int32)">
             <summary>
             Provides the standard 0-input MWArray interface to the MLV M-function.
             </summary>
             <remarks>
             </remarks>
             <param name="numArgsOut">The number of output arguments to return.</param>
             <returns>An Array of length "numArgsOut" containing the output
             arguments.</returns>
            
        </member>
        <member name="M:ModelLotkaVolterra.LotkaVolterra.MLV(System.Int32,MathWorks.MATLAB.NET.Arrays.MWArray)">
             <summary>
             Provides the standard 1-input MWArray interface to the MLV M-function.
             </summary>
             <remarks>
             </remarks>
             <param name="numArgsOut">The number of output arguments to return.</param>
             <param name="t">Input argument #1</param>
             <returns>An Array of length "numArgsOut" containing the output
             arguments.</returns>
            
        </member>
        <member name="M:ModelLotkaVolterra.LotkaVolterra.MLV(System.Int32,MathWorks.MATLAB.NET.Arrays.MWArray,MathWorks.MATLAB.NET.Arrays.MWArray)">
             <summary>
             Provides the standard 2-input MWArray interface to the MLV M-function.
             </summary>
             <remarks>
             </remarks>
             <param name="numArgsOut">The number of output arguments to return.</param>
             <param name="t">Input argument #1</param>
             <param name="x">Input argument #2</param>
             <returns>An Array of length "numArgsOut" containing the output
             arguments.</returns>
            
        </member>
        <member name="M:ModelLotkaVolterra.LotkaVolterra.MLV(System.Int32,MathWorks.MATLAB.NET.Arrays.MWArray,MathWorks.MATLAB.NET.Arrays.MWArray,MathWorks.MATLAB.NET.Arrays.MWArray)">
             <summary>
             Provides the standard 3-input MWArray interface to the MLV M-function.
             </summary>
             <remarks>
             </remarks>
             <param name="numArgsOut">The number of output arguments to return.</param>
             <param name="t">Input argument #1</param>
             <param name="x">Input argument #2</param>
             <param name="a">Input argument #3</param>
             <returns>An Array of length "numArgsOut" containing the output
             arguments.</returns>
            
        </member>
        <member name="M:ModelLotkaVolterra.LotkaVolterra.MLV(System.Int32,MathWorks.MATLAB.NET.Arrays.MWArray,MathWorks.MATLAB.NET.Arrays.MWArray,MathWorks.MATLAB.NET.Arrays.MWArray,MathWorks.MATLAB.NET.Arrays.MWArray)">
             <summary>
             Provides the standard 4-input MWArray interface to the MLV M-function.
             </summary>
             <remarks>
             </remarks>
             <param name="numArgsOut">The number of output arguments to return.</param>
             <param name="t">Input argument #1</param>
             <param name="x">Input argument #2</param>
             <param name="a">Input argument #3</param>
             <param name="b">Input argument #4</param>
             <returns>An Array of length "numArgsOut" containing the output
             arguments.</returns>
            
        </member>
        <member name="M:ModelLotkaVolterra.LotkaVolterra.MLV(System.Int32,MathWorks.MATLAB.NET.Arrays.MWArray,MathWorks.MATLAB.NET.Arrays.MWArray,MathWorks.MATLAB.NET.Arrays.MWArray,MathWorks.MATLAB.NET.Arrays.MWArray,MathWorks.MATLAB.NET.Arrays.MWArray)">
             <summary>
             Provides the standard 5-input MWArray interface to the MLV M-function.
             </summary>
             <remarks>
             </remarks>
             <param name="numArgsOut">The number of output arguments to return.</param>
             <param name="t">Input argument #1</param>
             <param name="x">Input argument #2</param>
             <param name="a">Input argument #3</param>
             <param name="b">Input argument #4</param>
             <param name="c">Input argument #5</param>
             <returns>An Array of length "numArgsOut" containing the output
             arguments.</returns>
            
        </member>
        <member name="M:ModelLotkaVolterra.LotkaVolterra.MLV(System.Int32,MathWorks.MATLAB.NET.Arrays.MWArray,MathWorks.MATLAB.NET.Arrays.MWArray,MathWorks.MATLAB.NET.Arrays.MWArray,MathWorks.MATLAB.NET.Arrays.MWArray,MathWorks.MATLAB.NET.Arrays.MWArray,MathWorks.MATLAB.NET.Arrays.MWArray)">
             <summary>
             Provides the standard 6-input MWArray interface to the MLV M-function.
             </summary>
             <remarks>
             </remarks>
             <param name="numArgsOut">The number of output arguments to return.</param>
             <param name="t">Input argument #1</param>
             <param name="x">Input argument #2</param>
             <param name="a">Input argument #3</param>
             <param name="b">Input argument #4</param>
             <param name="c">Input argument #5</param>
             <param name="d">Input argument #6</param>
             <returns>An Array of length "numArgsOut" containing the output
             arguments.</returns>
            
        </member>
        <member name="M:ModelLotkaVolterra.LotkaVolterra.MLV(System.Int32,MathWorks.MATLAB.NET.Arrays.MWArray[]@,MathWorks.MATLAB.NET.Arrays.MWArray[])">
             <summary>
             Provides an interface for the MLV function in which the input and output
             arguments are specified as an array of MWArrays.
             </summary>
             <remarks>
             This method will allocate and return by reference the output argument
             array.<newpara></newpara>
             </remarks>
             <param name="numArgsOut">The number of output arguments to return</param>
             <param name= "argsOut">Array of MWArray output arguments</param>
             <param name= "argsIn">Array of MWArray input arguments</param>
            
        </member>
        <member name="M:ModelLotkaVolterra.LotkaVolterra.WaitForFiguresToDie">
             <summary>
             This method will cause a MATLAB figure window to behave as a modal dialog box.
             The method will not return until all the figure windows associated with this
             component have been closed.
             </summary>
             <remarks>
             An application should only call this method when required to keep the
             MATLAB figure window from disappearing.  Other techniques, such as calling
             Console.ReadLine() from the application should be considered where
             possible.</remarks>
            
        </member>
    </members>
</doc>
